{"cameraMode":{"drawMode":0,"name":"Shaded","section":"Shading Mode"},"sceneLighting":true,"audioPlay":false,"sceneViewState":{"showFog":true,"showMaterialUpdate":true,"showSkybox":true,"showFlares":true,"showImageEffects":true,"showParticleSystems":true},"in2DMode":false,"pivot":{"x":79.88587188720703,"y":40.294673919677737,"z":6.791473388671875},"rotation":{"x":-0.020998217165470125,"y":-0.011391722597181797,"z":0.00028947903774678707,"w":-0.9998002052307129},"size":649.1865844726563,"orthographic":false}