{"cameraMode":{"drawMode":0,"name":"Shaded","section":"Shading Mode"},"sceneLighting":false,"audioPlay":false,"sceneViewState":{"showFog":true,"showMaterialUpdate":true,"showSkybox":false,"showFlares":true,"showImageEffects":true,"showParticleSystems":true},"in2DMode":false,"pivot":{"x":-19.37300682067871,"y":20.700000762939454,"z":-6.805608749389648},"rotation":{"x":-0.12313946336507797,"y":0.14413264393806458,"z":-0.018305590376257898,"w":-0.9817500114440918},"size":43.301292419433597,"orthographic":false}